Recommended Product,Similarity Score
"All-New Fire HD 8 Tablet, 8"" HD Display, Wi-Fi, 16 GB - Includes Special Offers, Magenta",0.4871779193872311
"Fire Tablet, 7 Display, Wi-Fi, 16 GB - Includes Special Offers, Black",0.45072991214374714
"Fire Kids Edition Tablet, 7 Display, Wi-Fi, 16 GB, Blue Kid-Proof Case",0.41126142511701724
"Fire Kids Edition Tablet, 7 Display, Wi-Fi, 16 GB, Blue Kid-Proof Case",0.4087690993867499
"Fire Kids Edition Tablet, 7 Display, Wi-Fi, 16 GB, Blue Kid-Proof Case",0.4057744786693893
